add left_cerberus_head ac:11 hp:67 aliases:cerberus_head_left,l_c_h,lch,left_head,head_left,left,left_head,lhead,head_l,headl,left_cerberus,l_head_cerberus,lhead_cerberus,head_l_cerberus,headl_cerberus,l,lh,hl,cerberus_left,cerberus_l_head,cerberus_lhead,cerberus_head_l,cerberus_headl flags:#head,#heads,#cerberus_heads,#cerberus_head,#cerberus,#cerb,#enemy,#enemies,#monstrosity,#monstrocity,#cerebus,#monster +1 str:8 dex:1 con:6 int:0 wis:3 cha:-1 start:.../:::/monsters/scripts/cerberus_head.txt
add middle_cerberus_head ac:11 hp:67 aliases:cerberus_head_middle,m_c_h,mch,middle_head,head_middle,middle,m_head,mhead,head_m,headm,middle_cerberus,m_head_cerberus,mhead_cerberus,head_m_cerberus,m,mh,hm,headm_cerberus,cerberus_middle,cerberus_m_head,cerberus_mhead,cerberus_head_m,cerberus_headm flags:#head,#heads,#cerberus_heads,#cerberus_head,#cerberus,#cerb,#enemy,#enemies,#monstrosity,#monstrocity,#cerebus,#monster +1 str:8 dex:1 con:6 int:0 wis:3 cha:-1 start:.../:::/monsters/scripts/cerberus_head.txt
add right_cerberus_head ac:11 hp:67 aliases:cerberus_head_right,r_c_h,rch,right_head,head_right,right,r_head,rhead,head_r,headr,right_cerberus,r_head_cerberus,rhead_cerberus,head_r_cerberus,headr_cerberus,rh,hr,cerberus_right,cerberus_r_head,cerberus_rhead,cerberus_head_r,cerberus_headr,r flags:#head,#heads,#cerberus_heads,#cerberus_head,#cerberus,#cerb,#enemy,#enemies,#monstrosity,#monstrocity,#cerebus,#monster +1 str:8 dex:1 con:6 int:0 wis:3 cha:-1 start:.../:::/monsters/scripts/cerberus_head.txt
add cerberus_body +1 str:10 dex:1 con:8 int:0 wis:3 cha:-1 ac:11 hp:171 aliases:cerberus,cerebus_body,body,main_body,body_cerberus,body_cerebus,cbody,c_body,bodyc,body_c,mainbody flags:#cerebus,#cerberus,#body,#monster,#monstrosity,#monstrocity,#enemy,#enemies start:.../:::/monsters/scripts/cerberus_body.txt
add cerberus_tail +5 ac:19 hp:30 str:1 dex:5 con:4 int:0 wis:3 cha:-1 start:.../:::/monsters/scripts/cerberus_tail.txt flags:#cerberus,#tail,#monster,#monstrosity,#monstrocity,#monstrisy,#enemy,#enemies,#cerebus aliases:tail,cerebus_tail,cbt,bsct,cbst,dbt,cerbt,ct,cerberust,cerebust,c_t,cerberus_t,cerebus_t,t_cerebus,t_cerberus